game_id,league,date,home,away,home_score,away_score,neutral,home_ml,away_ml,spread,home_spread_price,away_spread_price,total,over_price,under_price,extras
NFL-20240926-DAL-NYG-20,NFL,2024-09-27T00:15:00,NYG,DAL,15,20,0,,,,,,,,,
NFL-20240929-NO-ATL-13,NFL,2024-09-29T17:00:00,ATL,NO,26,24,0,,,,,,,,,"{""indoor"": true}"
NFL-20240929-LAR-CHI-13,NFL,2024-09-29T17:00:00,CHI,LAR,24,18,0,,,,,,,,,
NFL-20240929-MIN-GB-13,NFL,2024-09-29T17:00:00,GB,MIN,29,31,0,,,,,,,,,
NFL-20240929-PIT-IND-13,NFL,2024-09-29T17:00:00,IND,PIT,27,24,0,,,,,,,,,"{""indoor"": true}"
NFL-20240929-DEN-NYJ-13,NFL,2024-09-29T17:00:00,NYJ,DEN,9,10,0,,,,,,,,,
NFL-20240929-PHI-TB-13,NFL,2024-09-29T17:00:00,TB,PHI,33,16,0,,,,,,,,,
NFL-20240929-CIN-CAR-13,NFL,2024-09-29T17:00:00,CAR,CIN,24,34,0,,,,,,,,,
NFL-20240929-JAX-HOU-13,NFL,2024-09-29T17:00:00,HOU,JAX,24,20,0,,,,,,,,,"{""indoor"": true}"
NFL-20240929-WSH-ARI-16,NFL,2024-09-29T20:05:00,ARI,WSH,14,42,0,,,,,,,,,"{""indoor"": true}"
NFL-20240929-NE-SF-16,NFL,2024-09-29T20:05:00,SF,NE,30,13,0,,,,,,,,,
NFL-20240929-CLE-LV-16,NFL,2024-09-29T20:25:00,LV,CLE,20,16,0,,,,,,,,,"{""indoor"": true}"
NFL-20240929-KC-LAC-16,NFL,2024-09-29T20:25:00,LAC,KC,10,17,0,,,,,,,,,
NFL-20240929-BUF-BAL-20,NFL,2024-09-30T00:20:00,BAL,BUF,35,10,0,,,,,,,,,
NFL-20240930-TEN-MIA-19,NFL,2024-09-30T23:30:00,MIA,TEN,12,31,0,,,,,,,,,
NFL-20240930-SEA-DET-20,NFL,2024-10-01T00:15:00,DET,SEA,42,29,0,,,,,,,,,"{""indoor"": true}"
NFL-20241003-TB-ATL-20,NFL,2024-10-04T00:15:00,ATL,TB,36,30,0,,,,,,,,,"{""indoor"": true}"
NFL-20241006-NYJ-MIN-09,NFL,2024-10-06T13:30:00,MIN,NYJ,23,17,1,,,,,,,,,
NFL-20241006-CAR-CHI-13,NFL,2024-10-06T17:00:00,CHI,CAR,36,10,0,,,,,,,,,
NFL-20241006-BAL-CIN-13,NFL,2024-10-06T17:00:00,CIN,BAL,38,41,0,,,,,,,,,
NFL-20241006-MIA-NE-13,NFL,2024-10-06T17:00:00,NE,MIA,10,15,0,,,,,,,,,
NFL-20241006-CLE-WSH-13,NFL,2024-10-06T17:00:00,WSH,CLE,34,13,0,,,,,,,,,
NFL-20241006-IND-JAX-13,NFL,2024-10-06T17:00:00,JAX,IND,37,34,0,,,,,,,,,
NFL-20241006-BUF-HOU-13,NFL,2024-10-06T17:00:00,HOU,BUF,23,20,0,,,,,,,,,"{""indoor"": true}"
NFL-20241006-LV-DEN-16,NFL,2024-10-06T20:05:00,DEN,LV,34,18,0,,,,,,,,,
NFL-20241006-ARI-SF-16,NFL,2024-10-06T20:05:00,SF,ARI,23,24,0,,,,,,,,,
NFL-20241006-GB-LAR-16,NFL,2024-10-06T20:25:00,LAR,GB,19,24,0,,,,,,,,,
NFL-20241006-NYG-SEA-16,NFL,2024-10-06T20:25:00,SEA,NYG,20,29,0,,,,,,,,,
NFL-20241006-DAL-PIT-21,NFL,2024-10-07T01:45:00,PIT,DAL,17,20,0,,,,,,,,,
NFL-20241007-NO-KC-20,NFL,2024-10-08T00:15:00,KC,NO,26,13,0,,,,,,,,,
NFL-20241010-SF-SEA-20,NFL,2024-10-11T00:15:00,SEA,SF,24,36,0,,,,,,,,,
NFL-20241013-JAX-CHI-09,NFL,2024-10-13T13:30:00,CHI,JAX,35,16,1,,,,,,,,,
NFL-20241013-ARI-GB-13,NFL,2024-10-13T17:00:00,GB,ARI,34,13,0,,,,,,,,,
NFL-20241013-IND-TEN-13,NFL,2024-10-13T17:00:00,TEN,IND,17,20,0,,,,,,,,,
NFL-20241013-HOU-NE-13,NFL,2024-10-13T17:00:00,NE,HOU,21,41,0,,,,,,,,,
NFL-20241013-TB-NO-13,NFL,2024-10-13T17:00:00,NO,TB,27,51,0,,,,,,,,,"{""indoor"": true}"
NFL-20241013-CLE-PHI-13,NFL,2024-10-13T17:00:00,PHI,CLE,20,16,0,,,,,,,,,
NFL-20241013-WSH-BAL-13,NFL,2024-10-13T17:00:00,BAL,WSH,30,23,0,,,,,,,,,
NFL-20241013-LAC-DEN-16,NFL,2024-10-13T20:05:00,DEN,LAC,16,23,0,,,,,,,,,
NFL-20241013-PIT-LV-16,NFL,2024-10-13T20:05:00,LV,PIT,13,32,0,,,,,,,,,"{""indoor"": true}"
NFL-20241013-DET-DAL-16,NFL,2024-10-13T20:25:00,DAL,DET,9,47,0,,,,,,,,,"{""indoor"": true}"
NFL-20241013-ATL-CAR-16,NFL,2024-10-13T20:25:00,CAR,ATL,20,38,0,,,,,,,,,
NFL-20241013-CIN-NYG-20,NFL,2024-10-14T00:20:00,NYG,CIN,7,17,0,,,,,,,,,
NFL-20241014-BUF-NYJ-20,NFL,2024-10-15T00:15:00,NYJ,BUF,20,23,0,,,,,,,,,
NFL-20241017-DEN-NO-20,NFL,2024-10-18T00:15:00,NO,DEN,10,33,0,,,,,,,,,"{""indoor"": true}"
NFL-20241020-NE-JAX-09,NFL,2024-10-20T13:30:00,JAX,NE,32,16,1,,,,,,,,,
NFL-20241020-SEA-ATL-13,NFL,2024-10-20T17:00:00,ATL,SEA,14,34,0,,,,,,,,,"{""indoor"": true}"
NFL-20241020-TEN-BUF-13,NFL,2024-10-20T17:00:00,BUF,TEN,34,10,0,,,,,,,,,
NFL-20241020-CIN-CLE-13,NFL,2024-10-20T17:00:00,CLE,CIN,14,21,0,,,,,,,,,
NFL-20241020-HOU-GB-13,NFL,2024-10-20T17:00:00,GB,HOU,24,22,0,,,,,,,,,
NFL-20241020-MIA-IND-13,NFL,2024-10-20T17:00:00,IND,MIA,16,10,0,,,,,,,,,"{""indoor"": true}"
NFL-20241020-DET-MIN-13,NFL,2024-10-20T17:00:00,MIN,DET,29,31,0,,,,,,,,,"{""indoor"": true}"
NFL-20241020-PHI-NYG-13,NFL,2024-10-20T17:00:00,NYG,PHI,3,28,0,,,,,,,,,
NFL-20241020-LV-LAR-16,NFL,2024-10-20T20:05:00,LAR,LV,20,15,0,,,,,,,,,
NFL-20241020-CAR-WSH-16,NFL,2024-10-20T20:05:00,WSH,CAR,40,7,0,,,,,,,,,
NFL-20241020-KC-SF-16,NFL,2024-10-20T20:25:00,SF,KC,18,28,0,,,,,,,,,
NFL-20241020-NYJ-PIT-20,NFL,2024-10-21T00:20:00,PIT,NYJ,37,15,0,,,,,,,,,
NFL-20241021-BAL-TB-20,NFL,2024-10-22T00:15:00,TB,BAL,31,41,0,,,,,,,,,
NFL-20241021-LAC-ARI-21,NFL,2024-10-22T01:00:00,ARI,LAC,17,15,0,,,,,,,,,"{""indoor"": true}"
NFL-20241024-MIN-LAR-20,NFL,2024-10-25T00:15:00,LAR,MIN,30,20,0,,,,,,,,,
NFL-20241027-PHI-CIN-13,NFL,2024-10-27T17:00:00,CIN,PHI,17,37,0,,,,,,,,,
NFL-20241027-BAL-CLE-13,NFL,2024-10-27T17:00:00,CLE,BAL,29,24,0,,,,,,,,,
NFL-20241027-TEN-DET-13,NFL,2024-10-27T17:00:00,DET,TEN,52,14,0,,,,,,,,,"{""indoor"": true}"
NFL-20241027-ARI-MIA-13,NFL,2024-10-27T17:00:00,MIA,ARI,27,28,0,,,,,,,,,
NFL-20241027-NYJ-NE-13,NFL,2024-10-27T17:00:00,NE,NYJ,25,22,0,,,,,,,,,
NFL-20241027-ATL-TB-13,NFL,2024-10-27T17:00:00,TB,ATL,26,31,0,,,,,,,,,
NFL-20241027-GB-JAX-13,NFL,2024-10-27T17:00:00,JAX,GB,27,30,0,,,,,,,,,
NFL-20241027-IND-HOU-13,NFL,2024-10-27T17:00:00,HOU,IND,23,20,0,,,,,,,,,"{""indoor"": true}"
NFL-20241027-NO-LAC-16,NFL,2024-10-27T20:05:00,LAC,NO,26,8,0,,,,,,,,,
NFL-20241027-BUF-SEA-16,NFL,2024-10-27T20:05:00,SEA,BUF,10,31,0,,,,,,,,,
NFL-20241027-CAR-DEN-16,NFL,2024-10-27T20:25:00,DEN,CAR,28,14,0,,,,,,,,,
NFL-20241027-KC-LV-16,NFL,2024-10-27T20:25:00,LV,KC,20,27,0,,,,,,,,,"{""indoor"": true}"
NFL-20241027-CHI-WSH-16,NFL,2024-10-27T20:25:00,WSH,CHI,18,15,0,,,,,,,,,
NFL-20241027-DAL-SF-20,NFL,2024-10-28T00:20:00,SF,DAL,30,24,0,,,,,,,,,
NFL-20241028-NYG-PIT-20,NFL,2024-10-29T00:15:00,PIT,NYG,26,18,0,,,,,,,,,
NFL-20241031-HOU-NYJ-20,NFL,2024-11-01T00:15:00,NYJ,HOU,21,13,0,,,,,,,,,
NFL-20241103-DAL-ATL-13,NFL,2024-11-03T18:00:00,ATL,DAL,27,21,0,,,,,,,,,"{""indoor"": true}"
NFL-20241103-MIA-BUF-13,NFL,2024-11-03T18:00:00,BUF,MIA,30,27,0,,,,,,,,,
NFL-20241103-LV-CIN-13,NFL,2024-11-03T18:00:00,CIN,LV,41,24,0,,,,,,,,,
NFL-20241103-LAC-CLE-13,NFL,2024-11-03T18:00:00,CLE,LAC,10,27,0,,,,,,,,,
NFL-20241103-NE-TEN-13,NFL,2024-11-03T18:00:00,TEN,NE,20,17,0,,,,,,,,,
NFL-20241103-WSH-NYG-13,NFL,2024-11-03T18:00:00,NYG,WSH,22,27,0,,,,,,,,,
NFL-20241103-NO-CAR-13,NFL,2024-11-03T18:00:00,CAR,NO,23,22,0,,,,,,,,,
NFL-20241103-DEN-BAL-13,NFL,2024-11-03T18:00:00,BAL,DEN,41,10,0,,,,,,,,,
NFL-20241103-JAX-PHI-16,NFL,2024-11-03T21:05:00,PHI,JAX,28,23,0,,,,,,,,,
NFL-20241103-CHI-ARI-16,NFL,2024-11-03T21:05:00,ARI,CHI,29,9,0,,,,,,,,,"{""indoor"": true}"
NFL-20241103-DET-GB-16,NFL,2024-11-03T21:25:00,GB,DET,14,24,0,,,,,,,,,
NFL-20241103-LAR-SEA-16,NFL,2024-11-03T21:25:00,SEA,LAR,20,26,0,,,,,,,,,
NFL-20241103-IND-MIN-20,NFL,2024-11-04T01:20:00,MIN,IND,21,13,0,,,,,,,,,"{""indoor"": true}"
NFL-20241104-TB-KC-20,NFL,2024-11-05T01:15:00,KC,TB,30,24,0,,,,,,,,,
NFL-20241107-CIN-BAL-20,NFL,2024-11-08T01:15:00,BAL,CIN,35,34,0,,,,,,,,,
NFL-20241110-NYG-CAR-09,NFL,2024-11-10T14:30:00,CAR,NYG,20,17,1,,,,,,,,,
NFL-20241110-NE-CHI-13,NFL,2024-11-10T18:00:00,CHI,NE,3,19,0,,,,,,,,,
NFL-20241110-BUF-IND-13,NFL,2024-11-10T18:00:00,IND,BUF,20,30,0,,,,,,,,,"{""indoor"": true}"
NFL-20241110-DEN-KC-13,NFL,2024-11-10T18:00:00,KC,DEN,16,14,0,,,,,,,,,
NFL-20241110-ATL-NO-13,NFL,2024-11-10T18:00:00,NO,ATL,20,17,0,,,,,,,,,"{""indoor"": true}"
NFL-20241110-SF-TB-13,NFL,2024-11-10T18:00:00,TB,SF,20,23,0,,,,,,,,,
NFL-20241110-PIT-WSH-13,NFL,2024-11-10T18:00:00,WSH,PIT,27,28,0,,,,,,,,,
NFL-20241110-MIN-JAX-13,NFL,2024-11-10T18:00:00,JAX,MIN,7,12,0,,,,,,,,,
NFL-20241110-TEN-LAC-16,NFL,2024-11-10T21:05:00,LAC,TEN,27,17,0,,,,,,,,,
NFL-20241110-PHI-DAL-16,NFL,2024-11-10T21:25:00,DAL,PHI,6,34,0,,,,,,,,,"{""indoor"": true}"
NFL-20241110-NYJ-ARI-16,NFL,2024-11-10T21:25:00,ARI,NYJ,31,6,0,,,,,,,,,"{""indoor"": true}"
NFL-20241110-DET-HOU-20,NFL,2024-11-11T01:20:00,HOU,DET,23,26,0,,,,,,,,,"{""indoor"": true}"
NFL-20241111-MIA-LAR-20,NFL,2024-11-12T01:15:00,LAR,MIA,15,23,0,,,,,,,,,
NFL-20241114-WSH-PHI-20,NFL,2024-11-15T01:15:00,PHI,WSH,26,18,0,,,,,,,,,
NFL-20241117-GB-CHI-13,NFL,2024-11-17T18:00:00,CHI,GB,19,20,0,,,,,,,,,
NFL-20241117-JAX-DET-13,NFL,2024-11-17T18:00:00,DET,JAX,52,6,0,,,,,,,,,"{""indoor"": true}"
NFL-20241117-MIN-TEN-13,NFL,2024-11-17T18:00:00,TEN,MIN,13,23,0,,,,,,,,,
NFL-20241117-LV-MIA-13,NFL,2024-11-17T18:00:00,MIA,LV,34,19,0,,,,,,,,,
NFL-20241117-LAR-NE-13,NFL,2024-11-17T18:00:00,NE,LAR,22,28,0,,,,,,,,,
NFL-20241117-CLE-NO-13,NFL,2024-11-17T18:00:00,NO,CLE,35,14,0,,,,,,,,,"{""indoor"": true}"
NFL-20241117-IND-NYJ-13,NFL,2024-11-17T18:00:00,NYJ,IND,27,28,0,,,,,,,,,
NFL-20241117-BAL-PIT-13,NFL,2024-11-17T18:00:00,PIT,BAL,18,16,0,,,,,,,,,
NFL-20241117-ATL-DEN-16,NFL,2024-11-17T21:05:00,DEN,ATL,38,6,0,,,,,,,,,
NFL-20241117-SEA-SF-16,NFL,2024-11-17T21:05:00,SF,SEA,17,20,0,,,,,,,,,
NFL-20241117-KC-BUF-16,NFL,2024-11-17T21:25:00,BUF,KC,30,21,0,,,,,,,,,
NFL-20241117-CIN-LAC-20,NFL,2024-11-18T01:20:00,LAC,CIN,34,27,0,,,,,,,,,
NFL-20241118-HOU-DAL-20,NFL,2024-11-19T01:15:00,DAL,HOU,10,34,0,,,,,,,,,"{""indoor"": true}"
NFL-20241121-PIT-CLE-20,NFL,2024-11-22T01:15:00,CLE,PIT,24,19,0,,,,,,,,,
NFL-20241124-MIN-CHI-13,NFL,2024-11-24T18:00:00,CHI,MIN,27,30,0,,,,,,,,,
NFL-20241124-DET-IND-13,NFL,2024-11-24T18:00:00,IND,DET,6,24,0,,,,,,,,,"{""indoor"": true}"
NFL-20241124-NE-MIA-13,NFL,2024-11-24T18:00:00,MIA,NE,34,15,0,,,,,,,,,
NFL-20241124-TB-NYG-13,NFL,2024-11-24T18:00:00,NYG,TB,7,30,0,,,,,,,,,
NFL-20241124-DAL-WSH-13,NFL,2024-11-24T18:00:00,WSH,DAL,26,34,0,,,,,,,,,
NFL-20241124-KC-CAR-13,NFL,2024-11-24T18:00:00,CAR,KC,27,30,0,,,,,,,,,
NFL-20241124-TEN-HOU-13,NFL,2024-11-24T18:00:00,HOU,TEN,27,32,0,,,,,,,,,"{""indoor"": true}"
NFL-20241124-DEN-LV-16,NFL,2024-11-24T21:05:00,LV,DEN,19,29,0,,,,,,,,,"{""indoor"": true}"
NFL-20241124-SF-GB-16,NFL,2024-11-24T21:25:00,GB,SF,38,10,0,,,,,,,,,
NFL-20241124-ARI-SEA-16,NFL,2024-11-24T21:25:00,SEA,ARI,16,6,0,,,,,,,,,
NFL-20241124-PHI-LAR-20,NFL,2024-11-25T01:20:00,LAR,PHI,20,37,0,,,,,,,,,
NFL-20241125-BAL-LAC-20,NFL,2024-11-26T01:15:00,LAC,BAL,23,30,0,,,,,,,,,
NFL-20241128-CHI-DET-12,NFL,2024-11-28T17:30:00,DET,CHI,23,20,0,,,,,,,,,"{""indoor"": true}"
NFL-20241128-NYG-DAL-16,NFL,2024-11-28T21:30:00,DAL,NYG,27,20,0,,,,,,,,,"{""indoor"": true}"
NFL-20241128-MIA-GB-20,NFL,2024-11-29T01:20:00,GB,MIA,30,17,0,,,,,,,,,
NFL-20241129-LV-KC-15,NFL,2024-11-29T20:00:00,KC,LV,19,17,0,,,,,,,,,
NFL-20241201-LAC-ATL-13,NFL,2024-12-01T18:00:00,ATL,LAC,13,17,0,,,,,,,,,"{""indoor"": true}"
NFL-20241201-PIT-CIN-13,NFL,2024-12-01T18:00:00,CIN,PIT,38,44,0,,,,,,,,,
NFL-20241201-ARI-MIN-13,NFL,2024-12-01T18:00:00,MIN,ARI,23,22,0,,,,,,,,,"{""indoor"": true}"
NFL-20241201-IND-NE-13,NFL,2024-12-01T18:00:00,NE,IND,24,25,0,,,,,,,,,
NFL-20241201-SEA-NYJ-13,NFL,2024-12-01T18:00:00,NYJ,SEA,21,26,0,,,,,,,,,
NFL-20241201-TEN-WSH-13,NFL,2024-12-01T18:00:00,WSH,TEN,42,19,0,,,,,,,,,
NFL-20241201-HOU-JAX-13,NFL,2024-12-01T18:00:00,JAX,HOU,20,23,0,,,,,,,,,
NFL-20241201-LAR-NO-16,NFL,2024-12-01T21:05:00,NO,LAR,14,21,0,,,,,,,,,"{""indoor"": true}"
NFL-20241201-TB-CAR-16,NFL,2024-12-01T21:05:00,CAR,TB,23,26,0,,,,,,,,,
NFL-20241201-PHI-BAL-16,NFL,2024-12-01T21:25:00,BAL,PHI,19,24,0,,,,,,,,,
NFL-20241201-SF-BUF-20,NFL,2024-12-02T01:20:00,BUF,SF,35,10,0,,,,,,,,,
NFL-20241202-CLE-DEN-20,NFL,2024-12-03T01:15:00,DEN,CLE,41,32,0,,,,,,,,,
NFL-20241205-GB-DET-20,NFL,2024-12-06T01:15:00,DET,GB,34,31,0,,,,,,,,,"{""indoor"": true}"
NFL-20241208-JAX-TEN-13,NFL,2024-12-08T18:00:00,TEN,JAX,6,10,0,,,,,,,,,
NFL-20241208-NYJ-MIA-13,NFL,2024-12-08T18:00:00,MIA,NYJ,32,26,0,,,,,,,,,
NFL-20241208-ATL-MIN-13,NFL,2024-12-08T18:00:00,MIN,ATL,42,21,0,,,,,,,,,"{""indoor"": true}"
NFL-20241208-NO-NYG-13,NFL,2024-12-08T18:00:00,NYG,NO,11,14,0,,,,,,,,,
NFL-20241208-CAR-PHI-13,NFL,2024-12-08T18:00:00,PHI,CAR,22,16,0,,,,,,,,,
NFL-20241208-CLE-PIT-13,NFL,2024-12-08T18:00:00,PIT,CLE,27,14,0,,,,,,,,,
NFL-20241208-LV-TB-13,NFL,2024-12-08T18:00:00,TB,LV,28,13,0,,,,,,,,,
NFL-20241208-SEA-ARI-16,NFL,2024-12-08T21:05:00,ARI,SEA,18,30,0,,,,,,,,,"{""indoor"": true}"
NFL-20241208-BUF-LAR-16,NFL,2024-12-08T21:25:00,LAR,BUF,44,42,0,,,,,,,,,
NFL-20241208-CHI-SF-16,NFL,2024-12-08T21:25:00,SF,CHI,38,13,0,,,,,,,,,
NFL-20241208-LAC-KC-20,NFL,2024-12-09T01:20:00,KC,LAC,19,17,0,,,,,,,,,
NFL-20241209-CIN-DAL-20,NFL,2024-12-10T01:15:00,DAL,CIN,20,27,0,,,,,,,,,"{""indoor"": true}"
NFL-20241212-LAR-SF-20,NFL,2024-12-13T01:15:00,SF,LAR,6,12,0,,,,,,,,,
NFL-20241215-KC-CLE-13,NFL,2024-12-15T18:00:00,CLE,KC,7,21,0,,,,,,,,,
NFL-20241215-CIN-TEN-13,NFL,2024-12-15T18:00:00,TEN,CIN,27,37,0,,,,,,,,,
NFL-20241215-WSH-NO-13,NFL,2024-12-15T18:00:00,NO,WSH,19,20,0,,,,,,,,,"{""indoor"": true}"
NFL-20241215-BAL-NYG-13,NFL,2024-12-15T18:00:00,NYG,BAL,14,35,0,,,,,,,,,
NFL-20241215-DAL-CAR-13,NFL,2024-12-15T18:00:00,CAR,DAL,14,30,0,,,,,,,,,
NFL-20241215-NYJ-JAX-13,NFL,2024-12-15T18:00:00,JAX,NYJ,25,32,0,,,,,,,,,
NFL-20241215-MIA-HOU-13,NFL,2024-12-15T18:00:00,HOU,MIA,20,12,0,,,,,,,,,"{""indoor"": true}"
NFL-20241215-IND-DEN-16,NFL,2024-12-15T21:25:00,DEN,IND,31,13,0,,,,,,,,,
NFL-20241215-BUF-DET-16,NFL,2024-12-15T21:25:00,DET,BUF,42,48,0,,,,,,,,,"{""indoor"": true}"
NFL-20241215-PIT-PHI-16,NFL,2024-12-15T21:25:00,PHI,PIT,27,13,0,,,,,,,,,
NFL-20241215-NE-ARI-16,NFL,2024-12-15T21:25:00,ARI,NE,30,17,0,,,,,,,,,"{""indoor"": true}"
NFL-20241215-TB-LAC-16,NFL,2024-12-15T21:25:00,LAC,TB,17,40,0,,,,,,,,,
NFL-20241215-GB-SEA-20,NFL,2024-12-16T01:20:00,SEA,GB,13,30,0,,,,,,,,,
NFL-20241216-CHI-MIN-20,NFL,2024-12-17T01:00:00,MIN,CHI,30,12,0,,,,,,,,,"{""indoor"": true}"
NFL-20241216-ATL-LV-20,NFL,2024-12-17T01:30:00,LV,ATL,9,15,0,,,,,,,,,"{""indoor"": true}"
NFL-20241219-DEN-LAC-20,NFL,2024-12-20T01:15:00,LAC,DEN,34,27,0,,,,,,,,,
NFL-20241221-HOU-KC-13,NFL,2024-12-21T18:00:00,KC,HOU,27,19,0,,,,,,,,,
NFL-20241221-PIT-BAL-16,NFL,2024-12-21T21:30:00,BAL,PIT,34,17,0,,,,,,,,,
NFL-20241222-NYG-ATL-13,NFL,2024-12-22T18:00:00,ATL,NYG,34,7,0,,,,,,,,,"{""indoor"": true}"
NFL-20241222-DET-CHI-13,NFL,2024-12-22T18:00:00,CHI,DET,17,34,0,,,,,,,,,
NFL-20241222-CLE-CIN-13,NFL,2024-12-22T18:00:00,CIN,CLE,24,6,0,,,,,,,,,
NFL-20241222-TEN-IND-13,NFL,2024-12-22T18:00:00,IND,TEN,38,30,0,,,,,,,,,"{""indoor"": true}"
NFL-20241222-LAR-NYJ-13,NFL,2024-12-22T18:00:00,NYJ,LAR,9,19,0,,,,,,,,,
NFL-20241222-PHI-WSH-13,NFL,2024-12-22T18:00:00,WSH,PHI,36,33,0,,,,,,,,,
NFL-20241222-ARI-CAR-13,NFL,2024-12-22T18:00:00,CAR,ARI,36,30,0,,,,,,,,,
NFL-20241222-MIN-SEA-16,NFL,2024-12-22T21:05:00,SEA,MIN,24,27,0,,,,,,,,,
NFL-20241222-NE-BUF-16,NFL,2024-12-22T21:25:00,BUF,NE,24,21,0,,,,,,,,,
NFL-20241222-JAX-LV-16,NFL,2024-12-22T21:25:00,LV,JAX,19,14,0,,,,,,,,,"{""indoor"": true}"
NFL-20241222-SF-MIA-16,NFL,2024-12-22T21:25:00,MIA,SF,29,17,0,,,,,,,,,
NFL-20241222-TB-DAL-20,NFL,2024-12-23T01:20:00,DAL,TB,26,24,0,,,,,,,,,"{""indoor"": true}"
NFL-20241223-NO-GB-20,NFL,2024-12-24T01:15:00,GB,NO,34,0,0,,,,,,,,,
NFL-20241225-KC-PIT-13,NFL,2024-12-25T18:00:00,PIT,KC,10,29,0,,,,,,,,,
NFL-20241225-BAL-HOU-16,NFL,2024-12-25T21:30:00,HOU,BAL,2,31,0,,,,,,,,,"{""indoor"": true}"
NFL-20241226-SEA-CHI-20,NFL,2024-12-27T01:15:00,CHI,SEA,3,6,0,,,,,,,,,
NFL-20241228-LAC-NE-13,NFL,2024-12-28T18:00:00,NE,LAC,7,40,0,,,,,,,,,
NFL-20241228-DEN-CIN-16,NFL,2024-12-28T21:30:00,CIN,DEN,30,24,0,,,,,,,,,
NFL-20241228-ARI-LAR-20,NFL,2024-12-29T01:00:00,LAR,ARI,13,9,0,,,,,,,,,
NFL-20241229-NYJ-BUF-13,NFL,2024-12-29T18:00:00,BUF,NYJ,40,14,0,,,,,,,,,
NFL-20241229-LV-NO-13,NFL,2024-12-29T18:00:00,NO,LV,10,25,0,,,,,,,,,"{""indoor"": true}"
NFL-20241229-IND-NYG-13,NFL,2024-12-29T18:00:00,NYG,IND,45,33,0,,,,,,,,,
NFL-20241229-DAL-PHI-13,NFL,2024-12-29T18:00:00,PHI,DAL,41,7,0,,,,,,,,,
NFL-20241229-CAR-TB-13,NFL,2024-12-29T18:00:00,TB,CAR,48,14,0,,,,,,,,,
NFL-20241229-TEN-JAX-13,NFL,2024-12-29T18:00:00,JAX,TEN,20,13,0,,,,,,,,,
NFL-20241229-MIA-CLE-16,NFL,2024-12-29T21:05:00,CLE,MIA,3,20,0,,,,,,,,,
NFL-20241229-GB-MIN-16,NFL,2024-12-29T21:25:00,MIN,GB,27,25,0,,,,,,,,,"{""indoor"": true}"
NFL-20241229-ATL-WSH-20,NFL,2024-12-30T01:20:00,WSH,ATL,30,24,0,,,,,,,,,
NFL-20241230-DET-SF-20,NFL,2024-12-31T01:15:00,SF,DET,34,40,0,,,,,,,,,
NFL-20250104-CLE-BAL-16,NFL,2025-01-04T21:30:00,BAL,CLE,35,10,0,,,,,,,,,
NFL-20250104-CIN-PIT-20,NFL,2025-01-05T01:00:00,PIT,CIN,17,19,0,,,,,,,,,
NFL-20250105-CAR-ATL-13,NFL,2025-01-05T18:00:00,ATL,CAR,38,44,0,,,,,,,,,"{""indoor"": true}"
NFL-20250105-WSH-DAL-13,NFL,2025-01-05T18:00:00,DAL,WSH,19,23,0,,,,,,,,,"{""indoor"": true}"
NFL-20250105-CHI-GB-13,NFL,2025-01-05T18:00:00,GB,CHI,22,24,0,,,,,,,,,
NFL-20250105-HOU-TEN-13,NFL,2025-01-05T18:00:00,TEN,HOU,14,23,0,,,,,,,,,
NFL-20250105-JAX-IND-13,NFL,2025-01-05T18:00:00,IND,JAX,26,23,0,,,,,,,,,"{""indoor"": true}"
NFL-20250105-BUF-NE-13,NFL,2025-01-05T18:00:00,NE,BUF,23,16,0,,,,,,,,,
NFL-20250105-NYG-PHI-13,NFL,2025-01-05T18:00:00,PHI,NYG,20,13,0,,,,,,,,,
NFL-20250105-NO-TB-13,NFL,2025-01-05T18:00:00,TB,NO,27,19,0,,,,,,,,,
NFL-20250105-KC-DEN-16,NFL,2025-01-05T21:25:00,DEN,KC,38,0,0,,,,,,,,,
NFL-20250105-LAC-LV-16,NFL,2025-01-05T21:25:00,LV,LAC,20,34,0,,,,,,,,,"{""indoor"": true}"
NFL-20250105-SEA-LAR-16,NFL,2025-01-05T21:25:00,LAR,SEA,25,30,0,,,,,,,,,
NFL-20250105-MIA-NYJ-16,NFL,2025-01-05T21:25:00,NYJ,MIA,32,20,0,,,,,,,,,
NFL-20250105-SF-ARI-16,NFL,2025-01-05T21:25:00,ARI,SF,47,24,0,,,,,,,,,"{""indoor"": true}"
NFL-20250105-MIN-DET-20,NFL,2025-01-06T01:20:00,DET,MIN,31,9,0,,,,,,,,,"{""indoor"": true}"
NFL-20250111-LAC-HOU-16,NFL,2025-01-11T21:30:00,HOU,LAC,32,12,0,,,,,,,,,"{""indoor"": true}"
NFL-20250111-PIT-BAL-20,NFL,2025-01-12T01:00:00,BAL,PIT,28,14,0,,,,,,,,,
NFL-20250112-DEN-BUF-13,NFL,2025-01-12T18:00:00,BUF,DEN,31,7,0,,,,,,,,,
NFL-20250112-GB-PHI-16,NFL,2025-01-12T21:30:00,PHI,GB,22,10,0,,,,,,,,,
NFL-20250112-WSH-TB-20,NFL,2025-01-13T01:00:00,TB,WSH,20,23,0,,,,,,,,,
NFL-20250113-MIN-LAR-20,NFL,2025-01-14T01:00:00,LAR,MIN,27,9,0,,,,,,,,,"{""indoor"": true}"
NFL-20250118-HOU-KC-16,NFL,2025-01-18T21:30:00,KC,HOU,23,14,0,,,,,,,,,
NFL-20250118-WSH-DET-20,NFL,2025-01-19T01:00:00,DET,WSH,31,45,0,,,,,,,,,"{""indoor"": true}"
NFL-20250119-LAR-PHI-15,NFL,2025-01-19T20:00:00,PHI,LAR,28,22,0,,,,,,,,,
NFL-20250119-BAL-BUF-18,NFL,2025-01-19T23:30:00,BUF,BAL,27,25,0,,,,,,,,,
NFL-20250126-WSH-PHI-15,NFL,2025-01-26T20:00:00,PHI,WSH,55,23,0,,,,,,,,,
NFL-20250126-BUF-KC-18,NFL,2025-01-26T23:30:00,KC,BUF,32,29,0,,,,,,,,,
NFL-20250209-KC-PHI-18,NFL,2025-02-09T23:30:00,PHI,KC,40,22,1,,,,,,,,,"{""indoor"": true}"
NFL-20250904-DAL-PHI-20,NFL,2025-09-05T00:20:00,PHI,DAL,24,20,0,,,,,,,,,
NFL-20250905-KC-LAC-20,NFL,2025-09-06T00:00:00,LAC,KC,27,21,1,,,,,,,,,
NFL-20250907-TB-ATL-13,NFL,2025-09-07T17:00:00,ATL,TB,20,23,0,,,,,,,,,"{""indoor"": true}"
NFL-20250907-CIN-CLE-13,NFL,2025-09-07T17:00:00,CLE,CIN,16,17,0,,,,,,,,,
NFL-20250907-MIA-IND-13,NFL,2025-09-07T17:00:00,IND,MIA,33,8,0,,,,,,,,,"{""indoor"": true}"
NFL-20250907-LV-NE-13,NFL,2025-09-07T17:00:00,NE,LV,13,20,0,,,,,,,,,
NFL-20250907-ARI-NO-13,NFL,2025-09-07T17:00:00,NO,ARI,13,20,0,,,,,,,,,"{""indoor"": true}"
NFL-20250907-PIT-NYJ-13,NFL,2025-09-07T17:00:00,NYJ,PIT,32,34,0,,,,,,,,,
NFL-20250907-NYG-WSH-13,NFL,2025-09-07T17:00:00,WSH,NYG,21,6,0,,,,,,,,,
NFL-20250907-CAR-JAX-13,NFL,2025-09-07T17:00:00,JAX,CAR,26,10,0,,,,,,,,,
NFL-20250907-TEN-DEN-16,NFL,2025-09-07T20:05:00,DEN,TEN,20,12,0,,,,,,,,,
NFL-20250907-SF-SEA-16,NFL,2025-09-07T20:05:00,SEA,SF,13,17,0,,,,,,,,,
NFL-20250907-DET-GB-16,NFL,2025-09-07T20:25:00,GB,DET,27,13,0,,,,,,,,,
NFL-20250907-HOU-LAR-16,NFL,2025-09-07T20:25:00,LAR,HOU,14,9,0,,,,,,,,,
NFL-20250907-BAL-BUF-20,NFL,2025-09-08T00:20:00,BUF,BAL,41,40,0,,,,,,,,,
NFL-20250908-MIN-CHI-20,NFL,2025-09-09T00:15:00,CHI,MIN,24,27,0,,,,,,,,,
NFL-20250911-WSH-GB-20,NFL,2025-09-12T00:15:00,GB,WSH,27,18,0,,,,,,,,,
NFL-20250914-JAX-CIN-13,NFL,2025-09-14T17:00:00,CIN,JAX,31,27,0,,,,,,,,,
NFL-20250914-NYG-DAL-13,NFL,2025-09-14T17:00:00,DAL,NYG,40,37,0,,,,,,,,,"{""indoor"": true}"
NFL-20250914-CHI-DET-13,NFL,2025-09-14T17:00:00,DET,CHI,52,21,0,,,,,,,,,"{""indoor"": true}"
NFL-20250914-LAR-TEN-13,NFL,2025-09-14T17:00:00,TEN,LAR,19,33,0,,,,,,,,,
NFL-20250914-NE-MIA-13,NFL,2025-09-14T17:00:00,MIA,NE,27,33,0,,,,,,,,,
NFL-20250914-SF-NO-13,NFL,2025-09-14T17:00:00,NO,SF,21,26,0,,,,,,,,,"{""indoor"": true}"
NFL-20250914-BUF-NYJ-13,NFL,2025-09-14T17:00:00,NYJ,BUF,10,30,0,,,,,,,,,
NFL-20250914-SEA-PIT-13,NFL,2025-09-14T17:00:00,PIT,SEA,17,31,0,,,,,,,,,
NFL-20250914-CLE-BAL-13,NFL,2025-09-14T17:00:00,BAL,CLE,41,17,0,,,,,,,,,
NFL-20250914-DEN-IND-16,NFL,2025-09-14T20:05:00,IND,DEN,29,28,0,,,,,,,,,"{""indoor"": true}"
NFL-20250914-CAR-ARI-16,NFL,2025-09-14T20:05:00,ARI,CAR,27,22,0,,,,,,,,,"{""indoor"": true}"
NFL-20250914-PHI-KC-16,NFL,2025-09-14T20:25:00,KC,PHI,17,20,0,,,,,,,,,
NFL-20250914-ATL-MIN-20,NFL,2025-09-15T00:20:00,MIN,ATL,6,22,0,,,,,,,,,"{""indoor"": true}"
NFL-20250915-TB-HOU-19,NFL,2025-09-15T23:00:00,HOU,TB,19,20,0,,,,,,,,,"{""indoor"": true}"
NFL-20250915-LAC-LV-22,NFL,2025-09-16T02:00:00,LV,LAC,9,20,0,,,,,,,,,"{""indoor"": true}"
NFL-20250918-MIA-BUF-20,NFL,2025-09-19T00:15:00,BUF,MIA,31,21,0,,,,,,,,,
NFL-20250921-GB-CLE-13,NFL,2025-09-21T17:00:00,CLE,GB,13,10,0,,,,,,,,,
NFL-20250921-IND-TEN-13,NFL,2025-09-21T17:00:00,TEN,IND,20,41,0,,,,,,,,,
NFL-20250921-CIN-MIN-13,NFL,2025-09-21T17:00:00,MIN,CIN,48,10,0,,,,,,,,,"{""indoor"": true}"
NFL-20250921-PIT-NE-13,NFL,2025-09-21T17:00:00,NE,PIT,14,21,0,,,,,,,,,
NFL-20250921-LAR-PHI-13,NFL,2025-09-21T17:00:00,PHI,LAR,33,26,0,,,,,,,,,
NFL-20250921-NYJ-TB-13,NFL,2025-09-21T17:00:00,TB,NYJ,29,27,0,,,,,,,,,
NFL-20250921-LV-WSH-13,NFL,2025-09-21T17:00:00,WSH,LV,41,24,0,,,,,,,,,
NFL-20250921-ATL-CAR-13,NFL,2025-09-21T17:00:00,CAR,ATL,30,0,0,,,,,,,,,
NFL-20250921-HOU-JAX-13,NFL,2025-09-21T17:00:00,JAX,HOU,17,10,0,,,,,,,,,
NFL-20250921-DEN-LAC-16,NFL,2025-09-21T20:05:00,LAC,DEN,23,20,0,,,,,,,,,
NFL-20250921-NO-SEA-16,NFL,2025-09-21T20:05:00,SEA,NO,44,13,0,,,,,,,,,
NFL-20250921-DAL-CHI-16,NFL,2025-09-21T20:25:00,CHI,DAL,31,14,0,,,,,,,,,
NFL-20250921-ARI-SF-16,NFL,2025-09-21T20:25:00,SF,ARI,16,15,0,,,,,,,,,
NFL-20250921-KC-NYG-20,NFL,2025-09-22T00:20:00,NYG,KC,9,22,0,,,,,,,,,
NFL-20250922-DET-BAL-20,NFL,2025-09-23T00:15:00,BAL,DET,30,38,0,,,,,,,,,
NFL-20250925-SEA-ARI-20,NFL,2025-09-26T00:15:00,ARI,SEA,20,23,0,,,,,,,,,"{""indoor"": true}"
NFL-20250928-MIN-PIT-09,NFL,2025-09-28T13:30:00,PIT,MIN,24,21,1,,,,,,,,,
NFL-20250928-WSH-ATL-13,NFL,2025-09-28T17:00:00,ATL,WSH,34,27,0,,,,,,,,,"{""indoor"": true}"
NFL-20250928-NO-BUF-13,NFL,2025-09-28T17:00:00,BUF,NO,31,19,0,,,,,,,,,
NFL-20250928-CLE-DET-13,NFL,2025-09-28T17:00:00,DET,CLE,34,10,0,,,,,,,,,"{""indoor"": true}"
NFL-20250928-CAR-NE-13,NFL,2025-09-28T17:00:00,NE,CAR,42,13,0,,,,,,,,,
NFL-20250928-LAC-NYG-13,NFL,2025-09-28T17:00:00,NYG,LAC,21,18,0,,,,,,,,,
NFL-20250928-PHI-TB-13,NFL,2025-09-28T17:00:00,TB,PHI,25,31,0,,,,,,,,,
NFL-20250928-TEN-HOU-13,NFL,2025-09-28T17:00:00,HOU,TEN,26,0,0,,,,,,,,,"{""indoor"": true}"
NFL-20250928-IND-LAR-16,NFL,2025-09-28T20:05:00,LAR,IND,27,20,0,,,,,,,,,
NFL-20250928-JAX-SF-16,NFL,2025-09-28T20:05:00,SF,JAX,21,26,0,,,,,,,,,
NFL-20250928-BAL-KC-16,NFL,2025-09-28T20:25:00,KC,BAL,37,20,0,,,,,,,,,
NFL-20250928-CHI-LV-16,NFL,2025-09-28T20:25:00,LV,CHI,24,25,0,,,,,,,,,"{""indoor"": true}"
NFL-20250928-GB-DAL-20,NFL,2025-09-29T00:20:00,DAL,GB,40,40,0,,,,,,,,,"{""indoor"": true}"
NFL-20250929-NYJ-MIA-19,NFL,2025-09-29T23:15:00,MIA,NYJ,27,21,0,,,,,,,,,
NFL-20250929-CIN-DEN-20,NFL,2025-09-30T00:15:00,DEN,CIN,28,3,0,,,,,,,,,
NFL-20251002-SF-LAR-20,NFL,2025-10-03T00:15:00,LAR,SF,23,26,0,,,,,,,,,
NFL-20251005-MIN-CLE-09,NFL,2025-10-05T13:30:00,CLE,MIN,17,21,1,,,,,,,,,
NFL-20251005-LV-IND-13,NFL,2025-10-05T17:00:00,IND,LV,40,6,0,,,,,,,,,"{""indoor"": true}"
NFL-20251005-NYG-NO-13,NFL,2025-10-05T17:00:00,NO,NYG,26,14,0,,,,,,,,,"{""indoor"": true}"
NFL-20251005-DAL-NYJ-13,NFL,2025-10-05T17:00:00,NYJ,DAL,22,37,0,,,,,,,,,
NFL-20251005-DEN-PHI-13,NFL,2025-10-05T17:00:00,PHI,DEN,17,21,0,,,,,,,,,
NFL-20251005-MIA-CAR-13,NFL,2025-10-05T17:00:00,CAR,MIA,27,24,0,,,,,,,,,
NFL-20251005-HOU-BAL-13,NFL,2025-10-05T17:00:00,BAL,HOU,10,44,0,,,,,,,,,
NFL-20251005-TEN-ARI-16,NFL,2025-10-05T20:05:00,ARI,TEN,21,22,0,,,,,,,,,"{""indoor"": true}"
NFL-20251005-TB-SEA-16,NFL,2025-10-05T20:05:00,SEA,TB,35,38,0,,,,,,,,,
NFL-20251005-DET-CIN-16,NFL,2025-10-05T20:25:00,CIN,DET,24,37,0,,,,,,,,,
NFL-20251005-WSH-LAC-16,NFL,2025-10-05T20:25:00,LAC,WSH,10,27,0,,,,,,,,,
NFL-20251005-NE-BUF-20,NFL,2025-10-06T00:20:00,BUF,NE,20,23,0,,,,,,,,,
NFL-20251006-KC-JAX-20,NFL,2025-10-07T00:15:00,JAX,KC,31,28,0,,,,,,,,,
NFL-20251009-PHI-NYG-20,NFL,2025-10-10T00:15:00,NYG,PHI,34,17,0,,,,,,,,,
NFL-20251012-DEN-NYJ-09,NFL,2025-10-12T13:30:00,NYJ,DEN,11,13,1,,,,,,,,,
NFL-20251012-ARI-IND-13,NFL,2025-10-12T17:00:00,IND,ARI,31,27,0,,,,,,,,,"{""indoor"": true}"
NFL-20251012-LAC-MIA-13,NFL,2025-10-12T17:00:00,MIA,LAC,27,29,0,,,,,,,,,
NFL-20251012-NE-NO-13,NFL,2025-10-12T17:00:00,NO,NE,19,25,0,,,,,,,,,"{""indoor"": true}"
NFL-20251012-CLE-PIT-13,NFL,2025-10-12T17:00:00,PIT,CLE,23,9,0,,,,,,,,,
NFL-20251012-DAL-CAR-13,NFL,2025-10-12T17:00:00,CAR,DAL,30,27,0,,,,,,,,,
NFL-20251012-SEA-JAX-13,NFL,2025-10-12T17:00:00,JAX,SEA,12,20,0,,,,,,,,,
NFL-20251012-LAR-BAL-13,NFL,2025-10-12T17:00:00,BAL,LAR,3,17,0,,,,,,,,,
NFL-20251012-TEN-LV-16,NFL,2025-10-12T20:05:00,LV,TEN,20,10,0,,,,,,,,,"{""indoor"": true}"
NFL-20251012-CIN-GB-16,NFL,2025-10-12T20:25:00,GB,CIN,27,18,0,,,,,,,,,
NFL-20251012-SF-TB-16,NFL,2025-10-12T20:25:00,TB,SF,30,19,0,,,,,,,,,
NFL-20251012-DET-KC-20,NFL,2025-10-13T00:20:00,KC,DET,30,17,0,,,,,,,,,
NFL-20251013-BUF-ATL-19,NFL,2025-10-13T23:15:00,ATL,BUF,24,14,0,,,,,,,,,"{""indoor"": true}"
NFL-20251013-CHI-WSH-20,NFL,2025-10-14T00:15:00,WSH,CHI,24,25,0,,,,,,,,,
NFL-20251016-PIT-CIN-20,NFL,2025-10-17T00:15:00,CIN,PIT,33,31,0,,,,,,,,,
NFL-20251019-LAR-JAX-09,NFL,2025-10-19T13:30:00,JAX,LAR,7,35,1,,,,,,,,,
NFL-20251019-NO-CHI-13,NFL,2025-10-19T17:00:00,CHI,NO,26,14,0,,,,,,,,,
NFL-20251019-MIA-CLE-13,NFL,2025-10-19T17:00:00,CLE,MIA,31,6,0,,,,,,,,,
NFL-20251019-NE-TEN-13,NFL,2025-10-19T17:00:00,TEN,NE,13,31,0,,,,,,,,,
NFL-20251019-LV-KC-13,NFL,2025-10-19T17:00:00,KC,LV,31,0,0,,,,,,,,,
NFL-20251019-PHI-MIN-13,NFL,2025-10-19T17:00:00,MIN,PHI,22,28,0,,,,,,,,,"{""indoor"": true}"
NFL-20251019-CAR-NYJ-13,NFL,2025-10-19T17:00:00,NYJ,CAR,6,13,0,,,,,,,,,
NFL-20251019-NYG-DEN-16,NFL,2025-10-19T20:05:00,DEN,NYG,33,32,0,,,,,,,,,
NFL-20251019-IND-LAC-16,NFL,2025-10-19T20:05:00,LAC,IND,24,38,0,,,,,,,,,
NFL-20251019-WSH-DAL-16,NFL,2025-10-19T20:25:00,DAL,WSH,44,22,0,,,,,,,,,"{""indoor"": true}"
NFL-20251019-GB-ARI-16,NFL,2025-10-19T20:25:00,ARI,GB,23,27,0,,,,,,,,,"{""indoor"": true}"
NFL-20251019-ATL-SF-20,NFL,2025-10-20T00:20:00,SF,ATL,20,10,0,,,,,,,,,
NFL-20251020-TB-DET-19,NFL,2025-10-20T23:00:00,DET,TB,24,9,0,,,,,,,,,"{""indoor"": true}"
NFL-20251020-HOU-SEA-22,NFL,2025-10-21T02:00:00,SEA,HOU,27,19,0,,,,,,,,,
NFL-20251023-MIN-LAC-20,NFL,2025-10-24T00:15:00,LAC,MIN,37,10,0,,,,,,,,,
NFL-20251026-MIA-ATL-13,NFL,2025-10-26T17:00:00,ATL,MIA,10,34,0,,,,,,,,,"{""indoor"": true}"
NFL-20251026-NYJ-CIN-13,NFL,2025-10-26T17:00:00,CIN,NYJ,38,39,0,,,,,,,,,
NFL-20251026-CLE-NE-13,NFL,2025-10-26T17:00:00,NE,CLE,32,13,0,,,,,,,,,
NFL-20251026-NYG-PHI-13,NFL,2025-10-26T17:00:00,PHI,NYG,38,20,0,,,,,,,,,
NFL-20251026-BUF-CAR-13,NFL,2025-10-26T17:00:00,CAR,BUF,9,40,0,,,,,,,,,
NFL-20251026-CHI-BAL-13,NFL,2025-10-26T17:00:00,BAL,CHI,30,16,0,,,,,,,,,
NFL-20251026-SF-HOU-13,NFL,2025-10-26T17:00:00,HOU,SF,26,15,0,,,,,,,,,"{""indoor"": true}"
NFL-20251026-TB-NO-16,NFL,2025-10-26T20:05:00,NO,TB,3,23,0,,,,,,,,,"{""indoor"": true}"
NFL-20251026-DAL-DEN-16,NFL,2025-10-26T20:25:00,DEN,DAL,44,24,0,,,,,,,,,
NFL-20251026-TEN-IND-16,NFL,2025-10-26T20:25:00,IND,TEN,38,14,0,,,,,,,,,"{""indoor"": true}"
NFL-20251026-GB-PIT-20,NFL,2025-10-27T00:20:00,PIT,GB,25,35,0,,,,,,,,,
NFL-20251027-WSH-KC-20,NFL,2025-10-28T00:15:00,KC,WSH,28,7,0,,,,,,,,,
NFL-20251030-BAL-MIA-20,NFL,2025-10-31T00:15:00,MIA,BAL,6,28,0,,,,,,,,,
NFL-20251102-CHI-CIN-13,NFL,2025-11-02T18:00:00,CIN,CHI,42,47,0,,,,,,,,,
NFL-20251102-MIN-DET-13,NFL,2025-11-02T18:00:00,DET,MIN,24,27,0,,,,,,,,,"{""indoor"": true}"
NFL-20251102-CAR-GB-13,NFL,2025-11-02T18:00:00,GB,CAR,13,16,0,,,,,,,,,
NFL-20251102-LAC-TEN-13,NFL,2025-11-02T18:00:00,TEN,LAC,20,27,0,,,,,,,,,
NFL-20251102-ATL-NE-13,NFL,2025-11-02T18:00:00,NE,ATL,24,23,0,,,,,,,,,
NFL-20251102-SF-NYG-13,NFL,2025-11-02T18:00:00,NYG,SF,24,34,0,,,,,,,,,
NFL-20251102-IND-PIT-13,NFL,2025-11-02T18:00:00,PIT,IND,27,20,0,,,,,,,,,
NFL-20251102-DEN-HOU-13,NFL,2025-11-02T18:00:00,HOU,DEN,15,18,0,,,,,,,,,"{""indoor"": true}"
NFL-20251102-JAX-LV-16,NFL,2025-11-02T21:05:00,LV,JAX,29,30,0,,,,,,,,,"{""indoor"": true}"
NFL-20251102-NO-LAR-16,NFL,2025-11-02T21:05:00,LAR,NO,34,10,0,,,,,,,,,
NFL-20251102-KC-BUF-16,NFL,2025-11-02T21:25:00,BUF,KC,28,21,0,,,,,,,,,
NFL-20251102-SEA-WSH-20,NFL,2025-11-03T01:20:00,WSH,SEA,14,38,0,,,,,,,,,
NFL-20251103-ARI-DAL-20,NFL,2025-11-04T01:15:00,DAL,ARI,17,27,0,,,,,,,,,"{""indoor"": true}"
NFL-20251106-LV-DEN-20,NFL,2025-11-07T01:15:00,DEN,LV,10,7,0,,,,,,,,,
NFL-20251109-ATL-IND-09,NFL,2025-11-09T14:30:00,IND,ATL,31,25,1,,,,,,,,,
NFL-20251109-NYG-CHI-13,NFL,2025-11-09T18:00:00,CHI,NYG,24,20,0,,,,,,,,,
NFL-20251109-BUF-MIA-13,NFL,2025-11-09T18:00:00,MIA,BUF,30,13,0,,,,,,,,,
NFL-20251109-BAL-MIN-13,NFL,2025-11-09T18:00:00,MIN,BAL,19,27,0,,,,,,,,,"{""indoor"": true}"
NFL-20251109-CLE-NYJ-13,NFL,2025-11-09T18:00:00,NYJ,CLE,27,20,0,,,,,,,,,
NFL-20251109-NE-TB-13,NFL,2025-11-09T18:00:00,TB,NE,23,28,0,,,,,,,,,
NFL-20251109-NO-CAR-13,NFL,2025-11-09T18:00:00,CAR,NO,7,17,0,,,,,,,,,
NFL-20251109-JAX-HOU-13,NFL,2025-11-09T18:00:00,HOU,JAX,36,29,0,,,,,,,,,"{""indoor"": true}"
NFL-20251109-ARI-SEA-16,NFL,2025-11-09T21:05:00,SEA,ARI,44,22,0,,,,,,,,,
NFL-20251109-LAR-SF-16,NFL,2025-11-09T21:25:00,SF,LAR,26,42,0,,,,,,,,,
NFL-20251109-DET-WSH-16,NFL,2025-11-09T21:25:00,WSH,DET,22,44,0,,,,,,,,,
NFL-20251109-PIT-LAC-20,NFL,2025-11-10T01:20:00,LAC,PIT,25,10,0,,,,,,,,,
NFL-20251110-PHI-GB-20,NFL,2025-11-11T01:15:00,GB,PHI,7,10,0,,,,,,,,,
NFL-20251113-NYJ-NE-20,NFL,2025-11-14T01:15:00,NE,NYJ,27,14,0,,,,,,,,,
NFL-20251116-WSH-MIA-09,NFL,2025-11-16T14:30:00,MIA,WSH,16,13,1,,,,,,,,,"{""indoor"": true}"
NFL-20251116-CAR-ATL-13,NFL,2025-11-16T18:00:00,ATL,CAR,27,30,0,,,,,,,,,"{""indoor"": true}"
NFL-20251116-TB-BUF-13,NFL,2025-11-16T18:00:00,BUF,TB,44,32,0,,,,,,,,,
NFL-20251116-HOU-TEN-13,NFL,2025-11-16T18:00:00,TEN,HOU,13,16,0,,,,,,,,,
NFL-20251116-CHI-MIN-13,NFL,2025-11-16T18:00:00,MIN,CHI,17,19,0,,,,,,,,,"{""indoor"": true}"
NFL-20251116-GB-NYG-13,NFL,2025-11-16T18:00:00,NYG,GB,20,27,0,,,,,,,,,
NFL-20251116-CIN-PIT-13,NFL,2025-11-16T18:00:00,PIT,CIN,34,12,0,,,,,,,,,
NFL-20251116-LAC-JAX-13,NFL,2025-11-16T18:00:00,JAX,LAC,35,6,0,,,,,,,,,
NFL-20251116-SEA-LAR-16,NFL,2025-11-16T21:05:00,LAR,SEA,21,19,0,,,,,,,,,
NFL-20251116-SF-ARI-16,NFL,2025-11-16T21:05:00,ARI,SF,22,41,0,,,,,,,,,"{""indoor"": true}"
NFL-20251116-BAL-CLE-16,NFL,2025-11-16T21:25:00,CLE,BAL,16,23,0,,,,,,,,,
NFL-20251116-KC-DEN-16,NFL,2025-11-16T21:25:00,DEN,KC,22,19,0,,,,,,,,,
NFL-20251116-DET-PHI-20,NFL,2025-11-17T01:20:00,PHI,DET,16,9,0,,,,,,,,,
NFL-20251117-DAL-LV-20,NFL,2025-11-18T01:15:00,LV,DAL,16,33,0,,,,,,,,,"{""indoor"": true}"
NFL-20251120-BUF-HOU-20,NFL,2025-11-21T01:15:00,HOU,BUF,23,19,0,,,,,,,,,"{""indoor"": true}"
NFL-20251123-PIT-CHI-13,NFL,2025-11-23T18:00:00,CHI,PIT,31,28,0,,,,,,,,,
NFL-20251123-NE-CIN-13,NFL,2025-11-23T18:00:00,CIN,NE,20,26,0,,,,,,,,,
NFL-20251123-NYG-DET-13,NFL,2025-11-23T18:00:00,DET,NYG,34,27,0,,,,,,,,,"{""indoor"": true}"
NFL-20251123-MIN-GB-13,NFL,2025-11-23T18:00:00,GB,MIN,23,6,0,,,,,,,,,
NFL-20251123-SEA-TEN-13,NFL,2025-11-23T18:00:00,TEN,SEA,24,30,0,,,,,,,,,
NFL-20251123-IND-KC-13,NFL,2025-11-23T18:00:00,KC,IND,23,20,0,,,,,,,,,
NFL-20251123-NYJ-BAL-13,NFL,2025-11-23T18:00:00,BAL,NYJ,23,10,0,,,,,,,,,
NFL-20251123-CLE-LV-16,NFL,2025-11-23T21:05:00,LV,CLE,10,24,0,,,,,,,,,"{""indoor"": true}"
NFL-20251123-JAX-ARI-16,NFL,2025-11-23T21:05:00,ARI,JAX,24,27,0,,,,,,,,,"{""indoor"": true}"
NFL-20251123-PHI-DAL-16,NFL,2025-11-23T21:25:00,DAL,PHI,24,21,0,,,,,,,,,"{""indoor"": true}"
NFL-20251123-ATL-NO-16,NFL,2025-11-23T21:25:00,NO,ATL,10,24,0,,,,,,,,,"{""indoor"": true}"
NFL-20251123-TB-LAR-20,NFL,2025-11-24T01:20:00,LAR,TB,34,7,0,,,,,,,,,
NFL-20251124-CAR-SF-20,NFL,2025-11-25T01:15:00,SF,CAR,20,9,0,,,,,,,,,
NFL-20251127-GB-DET-13,NFL,2025-11-27T18:00:00,DET,GB,24,31,0,,,,,,,,,"{""indoor"": true}"
NFL-20251127-KC-DAL-16,NFL,2025-11-27T21:30:00,DAL,KC,31,28,0,,,,,,,,,"{""indoor"": true}"
NFL-20251127-CIN-BAL-20,NFL,2025-11-28T01:20:00,BAL,CIN,14,32,0,,,,,,,,,
NFL-20251128-CHI-PHI-15,NFL,2025-11-28T20:00:00,PHI,CHI,15,24,0,,,,,,,,,
NFL-20251130-SF-CLE-13,NFL,2025-11-30T18:00:00,CLE,SF,8,26,0,,,,,,,,,
NFL-20251130-JAX-TEN-13,NFL,2025-11-30T18:00:00,TEN,JAX,3,25,0,,,,,,,,,
NFL-20251130-HOU-IND-13,NFL,2025-11-30T18:00:00,IND,HOU,16,20,0,,,,,,,,,"{""indoor"": true}"
NFL-20251130-NO-MIA-13,NFL,2025-11-30T18:00:00,MIA,NO,21,17,0,,,,,,,,,
NFL-20251130-ATL-NYJ-13,NFL,2025-11-30T18:00:00,NYJ,ATL,27,24,0,,,,,,,,,
NFL-20251130-ARI-TB-13,NFL,2025-11-30T18:00:00,TB,ARI,20,17,0,,,,,,,,,
NFL-20251130-LAR-CAR-13,NFL,2025-11-30T18:00:00,CAR,LAR,31,28,0,,,,,,,,,
NFL-20251130-MIN-SEA-16,NFL,2025-11-30T21:05:00,SEA,MIN,26,0,0,,,,,,,,,
NFL-20251130-BUF-PIT-16,NFL,2025-11-30T21:25:00,PIT,BUF,7,26,0,,,,,,,,,
NFL-20251130-LV-LAC-16,NFL,2025-11-30T21:25:00,LAC,LV,31,14,0,,,,,,,,,
NFL-20251130-DEN-WSH-20,NFL,2025-12-01T01:20:00,WSH,DEN,26,27,0,,,,,,,,,
NFL-20251201-NYG-NE-20,NFL,2025-12-02T01:15:00,NE,NYG,33,15,0,,,,,,,,,
NFL-20251204-DAL-DET-20,NFL,2025-12-05T01:15:00,DET,DAL,44,30,0,,,,,,,,,"{""indoor"": true}"
NFL-20251207-SEA-ATL-13,NFL,2025-12-07T18:00:00,ATL,SEA,9,37,0,,,,,,,,,"{""indoor"": true}"
NFL-20251207-CIN-BUF-13,NFL,2025-12-07T18:00:00,BUF,CIN,39,34,0,,,,,,,,,
NFL-20251207-TEN-CLE-13,NFL,2025-12-07T18:00:00,CLE,TEN,29,31,0,,,,,,,,,
NFL-20251207-WSH-MIN-13,NFL,2025-12-07T18:00:00,MIN,WSH,31,0,0,,,,,,,,,"{""indoor"": true}"
NFL-20251207-MIA-NYJ-13,NFL,2025-12-07T18:00:00,NYJ,MIA,10,34,0,,,,,,,,,
NFL-20251207-NO-TB-13,NFL,2025-12-07T18:00:00,TB,NO,20,24,0,,,,,,,,,
NFL-20251207-IND-JAX-13,NFL,2025-12-07T18:00:00,JAX,IND,36,19,0,,,,,,,,,
NFL-20251207-PIT-BAL-13,NFL,2025-12-07T18:00:00,BAL,PIT,22,27,0,,,,,,,,,
NFL-20251207-DEN-LV-16,NFL,2025-12-07T21:05:00,LV,DEN,17,24,0,,,,,,,,,"{""indoor"": true}"
NFL-20251207-CHI-GB-16,NFL,2025-12-07T21:25:00,GB,CHI,28,21,0,,,,,,,,,
NFL-20251207-LAR-ARI-16,NFL,2025-12-07T21:25:00,ARI,LAR,17,45,0,,,,,,,,,"{""indoor"": true}"
NFL-20251207-HOU-KC-20,NFL,2025-12-08T01:20:00,KC,HOU,10,20,0,,,,,,,,,
NFL-20251208-PHI-LAC-20,NFL,2025-12-09T01:15:00,LAC,PHI,22,19,0,,,,,,,,,
NFL-20251211-ATL-TB-20,NFL,2025-12-12T01:15:00,TB,ATL,28,29,0,,,,,,,,,
NFL-20251214-CLE-CHI-13,NFL,2025-12-14T18:00:00,CHI,CLE,31,3,0,,,,,,,,,
NFL-20251214-BAL-CIN-13,NFL,2025-12-14T18:00:00,CIN,BAL,0,24,0,,,,,,,,,
NFL-20251214-LAC-KC-13,NFL,2025-12-14T18:00:00,KC,LAC,13,16,0,,,,,,,,,
NFL-20251214-BUF-NE-13,NFL,2025-12-14T18:00:00,NE,BUF,31,35,0,,,,,,,,,
NFL-20251214-WSH-NYG-13,NFL,2025-12-14T18:00:00,NYG,WSH,21,29,0,,,,,,,,,
NFL-20251214-LV-PHI-13,NFL,2025-12-14T18:00:00,PHI,LV,31,0,0,,,,,,,,,
NFL-20251214-NYJ-JAX-13,NFL,2025-12-14T18:00:00,JAX,NYJ,48,20,0,,,,,,,,,
NFL-20251214-ARI-HOU-13,NFL,2025-12-14T18:00:00,HOU,ARI,40,20,0,,,,,,,,,"{""indoor"": true}"
NFL-20251214-GB-DEN-16,NFL,2025-12-14T21:25:00,DEN,GB,34,26,0,,,,,,,,,
NFL-20251214-DET-LAR-16,NFL,2025-12-14T21:25:00,LAR,DET,41,34,0,,,,,,,,,
NFL-20251214-CAR-NO-16,NFL,2025-12-14T21:25:00,NO,CAR,20,17,0,,,,,,,,,"{""indoor"": true}"
NFL-20251214-TEN-SF-16,NFL,2025-12-14T21:25:00,SF,TEN,37,24,0,,,,,,,,,
NFL-20251214-IND-SEA-16,NFL,2025-12-14T21:25:00,SEA,IND,18,16,0,,,,,,,,,
NFL-20251214-MIN-DAL-20,NFL,2025-12-15T01:20:00,DAL,MIN,26,34,0,,,,,,,,,"{""indoor"": true}"
NFL-20251215-MIA-PIT-20,NFL,2025-12-16T01:15:00,PIT,MIA,28,15,0,,,,,,,,,
NFL-20251218-LAR-SEA-20,NFL,2025-12-19T01:15:00,SEA,LAR,38,37,0,,,,,,,,,
NFL-20251220-PHI-WSH-17,NFL,2025-12-20T22:00:00,WSH,PHI,18,29,0,,,,,,,,,
NFL-20251220-GB-CHI-20,NFL,2025-12-21T01:20:00,CHI,GB,22,16,0,,,,,,,,,
NFL-20251221-BUF-CLE-13,NFL,2025-12-21T18:00:00,CLE,BUF,20,23,0,,,,,,,,,
NFL-20251221-LAC-DAL-13,NFL,2025-12-21T18:00:00,DAL,LAC,17,34,0,,,,,,,,,"{""indoor"": true}"
NFL-20251221-KC-TEN-13,NFL,2025-12-21T18:00:00,TEN,KC,26,9,0,,,,,,,,,
NFL-20251221-CIN-MIA-13,NFL,2025-12-21T18:00:00,MIA,CIN,21,45,0,,,,,,,,,
NFL-20251221-NYJ-NO-13,NFL,2025-12-21T18:00:00,NO,NYJ,29,6,0,,,,,,,,,"{""indoor"": true}"
NFL-20251221-MIN-NYG-13,NFL,2025-12-21T18:00:00,NYG,MIN,13,16,0,,,,,,,,,
NFL-20251221-TB-CAR-13,NFL,2025-12-21T18:00:00,CAR,TB,23,20,0,,,,,,,,,
NFL-20251221-JAX-DEN-16,NFL,2025-12-21T21:05:00,DEN,JAX,20,34,0,,,,,,,,,
NFL-20251221-ATL-ARI-16,NFL,2025-12-21T21:05:00,ARI,ATL,19,26,0,,,,,,,,,"{""indoor"": true}"
NFL-20251221-PIT-DET-16,NFL,2025-12-21T21:25:00,DET,PIT,24,29,0,,,,,,,,,"{""indoor"": true}"
NFL-20251221-LV-HOU-16,NFL,2025-12-21T21:25:00,HOU,LV,23,21,0,,,,,,,,,"{""indoor"": true}"
NFL-20251221-NE-BAL-20,NFL,2025-12-22T01:20:00,BAL,NE,24,28,0,,,,,,,,,
NFL-20251222-SF-IND-20,NFL,2025-12-23T01:15:00,IND,SF,27,48,0,,,,,,,,,"{""indoor"": true}"
NFL-20251225-DAL-WSH-13,NFL,2025-12-25T18:00:00,WSH,DAL,23,30,0,,,,,,,,,
NFL-20251225-DET-MIN-16,NFL,2025-12-25T21:30:00,MIN,DET,23,10,0,,,,,,,,,"{""indoor"": true}"
NFL-20251225-DEN-KC-20,NFL,2025-12-26T01:15:00,KC,DEN,13,20,0,,,,,,,,,
NFL-20251227-HOU-LAC-16,NFL,2025-12-27T21:30:00,LAC,HOU,16,20,0,,,,,,,,,
NFL-20251227-BAL-GB-20,NFL,2025-12-28T01:00:00,GB,BAL,24,41,0,,,,,,,,,
NFL-20251228-ARI-CIN-13,NFL,2025-12-28T18:00:00,CIN,ARI,37,14,0,,,,,,,,,
NFL-20251228-PIT-CLE-13,NFL,2025-12-28T18:00:00,CLE,PIT,13,6,0,,,,,,,,,
NFL-20251228-NO-TEN-13,NFL,2025-12-28T18:00:00,TEN,NO,26,34,0,,,,,,,,,
NFL-20251228-JAX-IND-13,NFL,2025-12-28T18:00:00,IND,JAX,17,23,0,,,,,,,,,"{""indoor"": true}"
NFL-20251228-TB-MIA-13,NFL,2025-12-28T18:00:00,MIA,TB,20,17,0,,,,,,,,,
NFL-20251228-NE-NYJ-13,NFL,2025-12-28T18:00:00,NYJ,NE,10,42,0,,,,,,,,,
NFL-20251228-SEA-CAR-13,NFL,2025-12-28T18:00:00,CAR,SEA,10,27,0,,,,,,,,,
NFL-20251228-NYG-LV-16,NFL,2025-12-28T21:05:00,LV,NYG,10,34,0,,,,,,,,,"{""indoor"": true}"
NFL-20251228-PHI-BUF-16,NFL,2025-12-28T21:25:00,BUF,PHI,12,13,0,,,,,,,,,
NFL-20251228-CHI-SF-20,NFL,2025-12-29T01:20:00,SF,CHI,42,38,0,,,,,,,,,
NFL-20251229-LAR-ATL-20,NFL,2025-12-30T01:15:00,ATL,LAR,27,24,0,,,,,,,,,"{""indoor"": true}"
NFL-20260103-CAR-TB-16,NFL,2026-01-03T21:30:00,TB,CAR,16,14,0,,,,,,,,,
NFL-20260103-SEA-SF-20,NFL,2026-01-04T01:00:00,SF,SEA,3,13,0,,,,,,,,,
NFL-20260104-NO-ATL-13,NFL,2026-01-04T18:00:00,ATL,NO,19,17,0,,,,,,,,,"{""indoor"": true}"
NFL-20260104-CLE-CIN-13,NFL,2026-01-04T18:00:00,CIN,CLE,18,20,0,,,,,,,,,
NFL-20260104-GB-MIN-13,NFL,2026-01-04T18:00:00,MIN,GB,16,3,0,,,,,,,,,"{""indoor"": true}"
NFL-20260104-DAL-NYG-13,NFL,2026-01-04T18:00:00,NYG,DAL,34,17,0,,,,,,,,,
NFL-20260104-TEN-JAX-13,NFL,2026-01-04T18:00:00,JAX,TEN,41,7,0,,,,,,,,,
NFL-20260104-IND-HOU-13,NFL,2026-01-04T18:00:00,HOU,IND,38,30,0,,,,,,,,,"{""indoor"": true}"
NFL-20260104-NYJ-BUF-16,NFL,2026-01-04T21:25:00,BUF,NYJ,35,8,0,,,,,,,,,
NFL-20260104-DET-CHI-16,NFL,2026-01-04T21:25:00,CHI,DET,16,19,0,,,,,,,,,
NFL-20260104-LAC-DEN-16,NFL,2026-01-04T21:25:00,DEN,LAC,19,3,0,,,,,,,,,
NFL-20260104-KC-LV-16,NFL,2026-01-04T21:25:00,LV,KC,14,12,0,,,,,,,,,"{""indoor"": true}"
NFL-20260104-ARI-LAR-16,NFL,2026-01-04T21:25:00,LAR,ARI,37,20,0,,,,,,,,,
NFL-20260104-MIA-NE-16,NFL,2026-01-04T21:25:00,NE,MIA,38,10,0,,,,,,,,,
NFL-20260104-WSH-PHI-16,NFL,2026-01-04T21:25:00,PHI,WSH,17,24,0,,,,,,,,,
NFL-20260104-BAL-PIT-20,NFL,2026-01-05T01:20:00,PIT,BAL,26,24,0,,,,,,,,,
NFL-20260110-LAR-CAR-16,NFL,2026-01-10T21:30:00,CAR,LAR,31,34,0,,,,,,,,,
NFL-20260110-GB-CHI-20,NFL,2026-01-11T01:00:00,CHI,GB,31,27,0,,,,,,,,,
NFL-20260111-BUF-JAX-13,NFL,2026-01-11T18:00:00,JAX,BUF,24,27,0,,,,,,,,,
NFL-20260111-SF-PHI-16,NFL,2026-01-11T21:30:00,PHI,SF,19,23,0,,,,,,,,,
NFL-20260111-LAC-NE-20,NFL,2026-01-12T01:15:00,NE,LAC,16,3,0,,,,,,,,,
NFL-20260112-HOU-PIT-20,NFL,2026-01-13T01:15:00,PIT,HOU,6,30,0,,,,,,,,,
NFL-20260117-BUF-DEN-16,NFL,2026-01-17T21:30:00,DEN,BUF,33,30,0,,,,,,,,,
NFL-20260117-SF-SEA-20,NFL,2026-01-18T01:00:00,SEA,SF,41,6,0,,,,,,,,,
NFL-20260118-HOU-NE-15,NFL,2026-01-18T20:00:00,NE,HOU,28,16,0,,,,,,,,,
NFL-20260118-LAR-CHI-18,NFL,2026-01-18T23:30:00,CHI,LAR,17,20,0,,,,,,,,,
NFL-20260125-NE-DEN-15,NFL,2026-01-25T20:00:00,DEN,NE,7,10,0,,,,,,,,,
NFL-20260125-LAR-SEA-18,NFL,2026-01-25T23:30:00,SEA,LAR,31,27,0,,,,,,,,,
NFL-20260208-SEA-NE-18,NFL,2026-02-08T23:30:00,NE,SEA,13,29,1,,,,,,,,,
NFL-20260909-NE-SEA-20,NFL,2026-09-10T00:20:00,SEA,NE,13,10,0,,,,,,,,,
NFL-20260910-SF-LAR-20,NFL,2026-09-11T00:35:00,LAR,SF,7,27,1,,,,,,,,,
NFL-20260913-TB-CIN-13,NFL,2026-09-13T17:00:00,CIN,TB,33,27,0,,,,,,,,,
NFL-20260913-NO-DET-13,NFL,2026-09-13T17:00:00,DET,NO,31,30,0,,,,,,,,,"{""indoor"": true}"
NFL-20260913-NYJ-TEN-13,NFL,2026-09-13T17:00:00,TEN,NYJ,10,23,0,,,,,,,,,
NFL-20260913-BAL-IND-13,NFL,2026-09-13T17:00:00,IND,BAL,23,41,0,,,,,,,,,"{""indoor"": true}"
NFL-20260913-ATL-PIT-13,NFL,2026-09-13T17:00:00,PIT,ATL,20,13,0,,,,,,,,,
NFL-20260913-CHI-CAR-13,NFL,2026-09-13T17:00:00,CAR,CHI,37,59,0,,,,,,,,,
NFL-20260913-CLE-JAX-13,NFL,2026-09-13T17:00:00,JAX,CLE,34,10,0,,,,,,,,,
NFL-20260913-BUF-HOU-13,NFL,2026-09-13T17:00:00,HOU,BUF,31,36,0,,,,,,,,,"{""indoor"": true}"
NFL-20260913-MIA-LV-16,NFL,2026-09-13T20:25:00,LV,MIA,27,13,0,,,,,,,,,"{""indoor"": true}"
NFL-20260913-GB-MIN-16,NFL,2026-09-13T20:25:00,MIN,GB,39,22,0,,,,,,,,,"{""indoor"": true}"
NFL-20260913-WSH-PHI-16,NFL,2026-09-13T20:25:00,PHI,WSH,24,22,0,,,,,,,,,
NFL-20260913-ARI-LAC-16,NFL,2026-09-13T20:25:00,LAC,ARI,14,26,0,,,,,,,,,
NFL-20260913-DAL-NYG-20,NFL,2026-09-14T00:20:00,NYG,DAL,28,20,0,,,,,,,,,
NFL-20260914-DEN-KC-20,NFL,2026-09-15T00:15:00,KC,DEN,31,10,0,,,,,,,,,
NFL-20260917-DET-BUF-20,NFL,2026-09-18T00:15:00,BUF,DET,41,31,0,,,,,,,,,
NFL-20260920-CAR-ATL-13,NFL,2026-09-20T17:00:00,ATL,CAR,3,34,0,,,,,,,,,"{""indoor"": true}"
NFL-20260920-MIN-CHI-13,NFL,2026-09-20T17:00:00,CHI,MIN,3,9,0,,,,,,,,,
NFL-20260920-PHI-TEN-13,NFL,2026-09-20T17:00:00,TEN,PHI,20,24,0,,,,,,,,,
NFL-20260920-PIT-NE-13,NFL,2026-09-20T17:00:00,NE,PIT,20,3,0,,,,,,,,,
NFL-20260920-GB-NYJ-13,NFL,2026-09-20T17:00:00,NYJ,GB,17,20,0,,,,,,,,,
NFL-20260920-CLE-TB-13,NFL,2026-09-20T17:00:00,TB,CLE,19,23,0,,,,,,,,,
NFL-20260920-NO-BAL-13,NFL,2026-09-20T17:00:00,BAL,NO,17,24,0,,,,,,,,,
NFL-20260920-CIN-HOU-13,NFL,2026-09-20T17:00:00,HOU,CIN,6,20,0,,,,,,,,,"{""indoor"": true}"
NFL-20260920-JAX-DEN-16,NFL,2026-09-20T20:05:00,DEN,JAX,20,13,0,,,,,,,,,
NFL-20260920-LV-LAC-16,NFL,2026-09-20T20:05:00,LAC,LV,14,26,0,,,,,,,,,
NFL-20260920-WSH-DAL-16,NFL,2026-09-20T20:25:00,DAL,WSH,37,20,0,,,,,,,,,"{""indoor"": true}"
NFL-20260920-SEA-ARI-16,NFL,2026-09-20T20:25:00,ARI,SEA,7,31,0,,,,,,,,,"{""indoor"": true}"
NFL-20260920-MIA-SF-16,NFL,2026-09-20T20:25:00,SF,MIA,35,13,0,,,,,,,,,
NFL-20260920-IND-KC-20,NFL,2026-09-21T00:20:00,KC,IND,33,30,0,,,,,,,,,
NFL-20260921-NYG-LAR-20,NFL,2026-09-22T00:15:00,LAR,NYG,28,6,0,,,,,,,,,
NFL-20260924-ATL-GB-20,NFL,2026-09-25T00:15:00,GB,ATL,14,35,0,,,,,,,,,
